Finacial Year,Quarter,Sum of QTY,New Code,Depot
2022-2023,Qtr 1,102720,LED-091-DOB-HB,Assam
2022-2023,Qtr 2,4614,LED-091-DOB-HB,Assam
2022-2023,Qtr 3,7800,LED-091-DOB-HB,Assam
2022-2023,Qtr 4,14320,LED-091-DOB-HB,Assam
2022-2023,Qtr 1,190450,LED-091-DOB-HB,Bangalore
2022-2023,Qtr 2,26640,LED-091-DOB-HB,Bangalore
2022-2023,Qtr 3,63474,LED-091-DOB-HB,Bangalore
2022-2023,Qtr 4,80440,LED-091-DOB-HB,Bangalore
2022-2023,Qtr 1,40240,LED-091-DOB-HB,Bhiwandi
2022-2023,Qtr 2,7320,LED-091-DOB-HB,Bhiwandi
2022-2023,Qtr 3,13440,LED-091-DOB-HB,Bhiwandi
2022-2023,Qtr 4,29040,LED-091-DOB-HB,Bhiwandi
2022-2023,Qtr 1,146280,LED-091-DOB-HB,Chennai
2022-2023,Qtr 2,25880,LED-091-DOB-HB,Chennai
2022-2023,Qtr 3,27700,LED-091-DOB-HB,Chennai
2022-2023,Qtr 4,61495,LED-091-DOB-HB,Chennai
2022-2023,Qtr 1,132640,LED-091-DOB-HB,Ghaziabad
2022-2023,Qtr 2,17640,LED-091-DOB-HB,Ghaziabad
2022-2023,Qtr 3,33520,LED-091-DOB-HB,Ghaziabad
2022-2023,Qtr 4,52990,LED-091-DOB-HB,Ghaziabad
2022-2023,Qtr 1,69280,LED-091-DOB-HB,Haridwar
2022-2023,Qtr 2,17160,LED-091-DOB-HB,Haridwar
2022-2023,Qtr 3,20745,LED-091-DOB-HB,Haridwar
2022-2023,Qtr 4,10870,LED-091-DOB-HB,Haridwar
2022-2023,Qtr 1,70120,LED-091-DOB-HB,HYD
2022-2023,Qtr 2,9640,LED-091-DOB-HB,HYD
2022-2023,Qtr 3,54120,LED-091-DOB-HB,HYD
2022-2023,Qtr 4,35720,LED-091-DOB-HB,HYD
2022-2023,Qtr 1,83440,LED-091-DOB-HB,Indore
2022-2023,Qtr 2,12680,LED-091-DOB-HB,Indore
2022-2023,Qtr 3,13160,LED-091-DOB-HB,Indore
2022-2023,Qtr 4,5960,LED-091-DOB-HB,Indore
2022-2023,Qtr 1,149960,LED-091-DOB-HB,Jaipur
2022-2023,Qtr 2,24260,LED-091-DOB-HB,Jaipur
2022-2023,Qtr 3,32467,LED-091-DOB-HB,Jaipur
2022-2023,Qtr 4,34560,LED-091-DOB-HB,Jaipur
2022-2023,Qtr 1,71400,LED-091-DOB-HB,Kerala
2022-2023,Qtr 2,11560,LED-091-DOB-HB,Kerala
2022-2023,Qtr 3,9200,LED-091-DOB-HB,Kerala
2022-2023,Qtr 4,40280,LED-091-DOB-HB,Kerala
2022-2023,Qtr 1,669760,LED-091-DOB-HB,Kolkata
2022-2023,Qtr 2,184504,LED-091-DOB-HB,Kolkata
2022-2023,Qtr 3,240485,LED-091-DOB-HB,Kolkata
2022-2023,Qtr 4,212250,LED-091-DOB-HB,Kolkata
2022-2023,Qtr 1,186760,LED-091-DOB-HB,Lucknow
2022-2023,Qtr 2,42020,LED-091-DOB-HB,Lucknow
2022-2023,Qtr 3,31820,LED-091-DOB-HB,Lucknow
2022-2023,Qtr 4,70680,LED-091-DOB-HB,Lucknow
2022-2023,Qtr 1,2741960,LED-091-DOB-HB,Patna
2022-2023,Qtr 2,610197,LED-091-DOB-HB,Patna
2022-2023,Qtr 3,1126954,LED-091-DOB-HB,Patna
2022-2023,Qtr 4,1362350,LED-091-DOB-HB,Patna
2022-2023,Qtr 1,265820,LED-091-DOB-HB,Pune
2022-2023,Qtr 2,41600,LED-091-DOB-HB,Pune
2022-2023,Qtr 3,168340,LED-091-DOB-HB,Pune
2022-2023,Qtr 4,96940,LED-091-DOB-HB,Pune
2022-2023,Qtr 1,97440,LED-091-DOB-HB,Raipur
2022-2023,Qtr 2,15040,LED-091-DOB-HB,Raipur
2022-2023,Qtr 3,12210,LED-091-DOB-HB,Raipur
2022-2023,Qtr 4,7520,LED-091-DOB-HB,Raipur
2022-2023,Qtr 1,432560,LED-091-DOB-HB,Valsad
2022-2023,Qtr 2,53700,LED-091-DOB-HB,Valsad
2022-2023,Qtr 3,102504,LED-091-DOB-HB,Valsad
2022-2023,Qtr 4,171420,LED-091-DOB-HB,Valsad
2022-2023,Qtr 1,928530,LED-091-DOB-HB,Zirakppur
2022-2023,Qtr 2,297680,LED-091-DOB-HB,Zirakppur
2022-2023,Qtr 3,433660,LED-091-DOB-HB,Zirakppur
2022-2023,Qtr 4,586423,LED-091-DOB-HB,Zirakppur
2023-2024,Qtr 1,52520,LED-091-DOB-HB,Assam
2023-2024,Qtr 2,20160,LED-091-DOB-HB,Assam
2023-2024,Qtr 3,39840,LED-091-DOB-HB,Assam
2023-2024,Qtr 4,44840,LED-091-DOB-HB,Assam
2023-2024,Qtr 1,177140,LED-091-DOB-HB,Bangalore
2023-2024,Qtr 2,29120,LED-091-DOB-HB,Bangalore
2023-2024,Qtr 3,92600,LED-091-DOB-HB,Bangalore
2023-2024,Qtr 4,53120,LED-091-DOB-HB,Bangalore
2023-2024,Qtr 1,29520,LED-091-DOB-HB,Bhiwandi
2023-2024,Qtr 2,7080,LED-091-DOB-HB,Bhiwandi
2023-2024,Qtr 3,19720,LED-091-DOB-HB,Bhiwandi
2023-2024,Qtr 4,21680,LED-091-DOB-HB,Bhiwandi
2023-2024,Qtr 1,80180,LED-091-DOB-HB,Chennai
2023-2024,Qtr 2,24240,LED-091-DOB-HB,Chennai
2023-2024,Qtr 3,25520,LED-091-DOB-HB,Chennai
2023-2024,Qtr 4,67970,LED-091-DOB-HB,Chennai
2023-2024,Qtr 1,70870,LED-091-DOB-HB,Ghaziabad
2023-2024,Qtr 2,25800,LED-091-DOB-HB,Ghaziabad
2023-2024,Qtr 3,36680,LED-091-DOB-HB,Ghaziabad
2023-2024,Qtr 4,50590,LED-091-DOB-HB,Ghaziabad
2023-2024,Qtr 1,5160,LED-091-DOB-HB,Haridwar
2023-2024,Qtr 2,3400,LED-091-DOB-HB,Haridwar
2023-2024,Qtr 3,23000,LED-091-DOB-HB,Haridwar
2023-2024,Qtr 4,18930,LED-091-DOB-HB,Haridwar
2023-2024,Qtr 1,42120,LED-091-DOB-HB,HYD
2023-2024,Qtr 2,3040,LED-091-DOB-HB,HYD
2023-2024,Qtr 3,46780,LED-091-DOB-HB,HYD
2023-2024,Qtr 4,26160,LED-091-DOB-HB,HYD
2023-2024,Qtr 1,24680,LED-091-DOB-HB,Indore
2023-2024,Qtr 2,15400,LED-091-DOB-HB,Indore
2023-2024,Qtr 3,33000,LED-091-DOB-HB,Indore
2023-2024,Qtr 4,7760,LED-091-DOB-HB,Indore
2023-2024,Qtr 1,87276,LED-091-DOB-HB,Jaipur
2023-2024,Qtr 2,16120,LED-091-DOB-HB,Jaipur
2023-2024,Qtr 3,25280,LED-091-DOB-HB,Jaipur
2023-2024,Qtr 4,40580,LED-091-DOB-HB,Jaipur
2023-2024,Qtr 1,2960,LED-091-DOB-HB,Kerala
2023-2024,Qtr 2,3800,LED-091-DOB-HB,Kerala
2023-2024,Qtr 3,11400,LED-091-DOB-HB,Kerala
2023-2024,Qtr 4,7680,LED-091-DOB-HB,Kerala
2023-2024,Qtr 1,333580,LED-091-DOB-HB,Kolkata
2023-2024,Qtr 2,234320,LED-091-DOB-HB,Kolkata
2023-2024,Qtr 3,167270,LED-091-DOB-HB,Kolkata
2023-2024,Qtr 4,201320,LED-091-DOB-HB,Kolkata
2023-2024,Qtr 1,127780,LED-091-DOB-HB,Lucknow
2023-2024,Qtr 2,43920,LED-091-DOB-HB,Lucknow
2023-2024,Qtr 3,51080,LED-091-DOB-HB,Lucknow
2023-2024,Qtr 4,127160,LED-091-DOB-HB,Lucknow
2023-2024,Qtr 1,2552210,LED-091-DOB-HB,Patna
2023-2024,Qtr 2,341960,LED-091-DOB-HB,Patna
2023-2024,Qtr 3,1037780,LED-091-DOB-HB,Patna
2023-2024,Qtr 4,1557760,LED-091-DOB-HB,Patna
2023-2024,Qtr 1,164640,LED-091-DOB-HB,Pune
2023-2024,Qtr 2,47602,LED-091-DOB-HB,Pune
2023-2024,Qtr 3,149920,LED-091-DOB-HB,Pune
2023-2024,Qtr 4,96040,LED-091-DOB-HB,Pune
2023-2024,Qtr 1,25020,LED-091-DOB-HB,Raipur
2023-2024,Qtr 2,760,LED-091-DOB-HB,Raipur
2023-2024,Qtr 3,16600,LED-091-DOB-HB,Raipur
2023-2024,Qtr 4,16000,LED-091-DOB-HB,Raipur
2023-2024,Qtr 1,104510,LED-091-DOB-HB,Valsad
2023-2024,Qtr 2,23840,LED-091-DOB-HB,Valsad
2023-2024,Qtr 3,82200,LED-091-DOB-HB,Valsad
2023-2024,Qtr 4,165480,LED-091-DOB-HB,Valsad
2023-2024,Qtr 1,894689,LED-091-DOB-HB,Zirakppur
2023-2024,Qtr 2,196440,LED-091-DOB-HB,Zirakppur
2023-2024,Qtr 3,218040,LED-091-DOB-HB,Zirakppur
2023-2024,Qtr 4,600740,LED-091-DOB-HB,Zirakppur
2021-2022,Qtr 1,3200,LED-091-DOB-HB,Assam
2021-2022,Qtr 2,3520,LED-091-DOB-HB,Assam
2021-2022,Qtr 3,5600,LED-091-DOB-HB,Assam
2021-2022,Qtr 4,8560,LED-091-DOB-HB,Assam
2021-2022,Qtr 1,51098,LED-091-DOB-HB,Bangalore
2021-2022,Qtr 2,36880,LED-091-DOB-HB,Bangalore
2021-2022,Qtr 3,88800,LED-091-DOB-HB,Bangalore
2021-2022,Qtr 4,56120,LED-091-DOB-HB,Bangalore
2021-2022,Qtr 1,17275,LED-091-DOB-HB,Bhiwandi
2021-2022,Qtr 2,18280,LED-091-DOB-HB,Bhiwandi
2021-2022,Qtr 3,34320,LED-091-DOB-HB,Bhiwandi
2021-2022,Qtr 4,18880,LED-091-DOB-HB,Bhiwandi
2021-2022,Qtr 1,28441,LED-091-DOB-HB,Chennai
2021-2022,Qtr 2,11360,LED-091-DOB-HB,Chennai
2021-2022,Qtr 3,42660,LED-091-DOB-HB,Chennai
2021-2022,Qtr 4,35060,LED-091-DOB-HB,Chennai
2021-2022,Qtr 1,41120,LED-091-DOB-HB,Ghaziabad
2021-2022,Qtr 2,12840,LED-091-DOB-HB,Ghaziabad
2021-2022,Qtr 3,41580,LED-091-DOB-HB,Ghaziabad
2021-2022,Qtr 4,52490,LED-091-DOB-HB,Ghaziabad
2021-2022,Qtr 1,19840,LED-091-DOB-HB,Haridwar
2021-2022,Qtr 2,2960,LED-091-DOB-HB,Haridwar
2021-2022,Qtr 3,30020,LED-091-DOB-HB,Haridwar
2021-2022,Qtr 4,14720,LED-091-DOB-HB,Haridwar
2021-2022,Qtr 1,18440,LED-091-DOB-HB,HYD
2021-2022,Qtr 2,14200,LED-091-DOB-HB,HYD
2021-2022,Qtr 3,33400,LED-091-DOB-HB,HYD
2021-2022,Qtr 4,44120,LED-091-DOB-HB,HYD
2021-2022,Qtr 1,13160,LED-091-DOB-HB,Indore
2021-2022,Qtr 2,10320,LED-091-DOB-HB,Indore
2021-2022,Qtr 3,15400,LED-091-DOB-HB,Indore
2021-2022,Qtr 4,9520,LED-091-DOB-HB,Indore
2021-2022,Qtr 1,26760,LED-091-DOB-HB,Jaipur
2021-2022,Qtr 2,2960,LED-091-DOB-HB,Jaipur
2021-2022,Qtr 3,18920,LED-091-DOB-HB,Jaipur
2021-2022,Qtr 4,18320,LED-091-DOB-HB,Jaipur
2021-2022,Qtr 1,46220,LED-091-DOB-HB,Kerala
2021-2022,Qtr 2,3960,LED-091-DOB-HB,Kerala
2021-2022,Qtr 3,8000,LED-091-DOB-HB,Kerala
2021-2022,Qtr 4,6360,LED-091-DOB-HB,Kerala
2021-2022,Qtr 1,238520,LED-091-DOB-HB,Kolkata
2021-2022,Qtr 2,73500,LED-091-DOB-HB,Kolkata
2021-2022,Qtr 3,177074,LED-091-DOB-HB,Kolkata
2021-2022,Qtr 4,266920,LED-091-DOB-HB,Kolkata
2021-2022,Qtr 1,66440,LED-091-DOB-HB,Lucknow
2021-2022,Qtr 2,17760,LED-091-DOB-HB,Lucknow
2021-2022,Qtr 3,37260,LED-091-DOB-HB,Lucknow
2021-2022,Qtr 4,51460,LED-091-DOB-HB,Lucknow
2021-2022,Qtr 1,803205,LED-091-DOB-HB,Patna
2021-2022,Qtr 2,535500,LED-091-DOB-HB,Patna
2021-2022,Qtr 3,947760,LED-091-DOB-HB,Patna
2021-2022,Qtr 4,1219830,LED-091-DOB-HB,Patna
2021-2022,Qtr 1,86240,LED-091-DOB-HB,Pune
2021-2022,Qtr 2,59730,LED-091-DOB-HB,Pune
2021-2022,Qtr 3,168715,LED-091-DOB-HB,Pune
2021-2022,Qtr 4,60545,LED-091-DOB-HB,Pune
2021-2022,Qtr 1,17560,LED-091-DOB-HB,Raipur
2021-2022,Qtr 3,11400,LED-091-DOB-HB,Raipur
2021-2022,Qtr 4,5520,LED-091-DOB-HB,Raipur
2021-2022,Qtr 1,117025,LED-091-DOB-HB,Valsad
2021-2022,Qtr 2,63708,LED-091-DOB-HB,Valsad
2021-2022,Qtr 3,129636,LED-091-DOB-HB,Valsad
2021-2022,Qtr 4,101392,LED-091-DOB-HB,Valsad
2021-2022,Qtr 1,493760,LED-091-DOB-HB,Zirakppur
2021-2022,Qtr 2,113500,LED-091-DOB-HB,Zirakppur
2021-2022,Qtr 3,383990,LED-091-DOB-HB,Zirakppur
2021-2022,Qtr 4,394080,LED-091-DOB-HB,Zirakppur
2024-2025,Qtr 2,40120,LED-091-DOB-HB,Assam
2024-2025,Qtr 3,20800,LED-091-DOB-HB,Assam
2024-2025,Qtr 4,47600,LED-091-DOB-HB,Assam
2024-2025,Qtr 2,49860,LED-091-DOB-HB,Bangalore
2024-2025,Qtr 3,99000,LED-091-DOB-HB,Bangalore
2024-2025,Qtr 4,87295,LED-091-DOB-HB,Bangalore
2024-2025,Qtr 2,11800,LED-091-DOB-HB,Bhiwandi
2024-2025,Qtr 3,23880,LED-091-DOB-HB,Bhiwandi
2024-2025,Qtr 4,30420,LED-091-DOB-HB,Bhiwandi
2024-2025,Qtr 2,31800,LED-091-DOB-HB,Chennai
2024-2025,Qtr 3,10240,LED-091-DOB-HB,Chennai
2024-2025,Qtr 4,83080,LED-091-DOB-HB,Chennai
2024-2025,Qtr 2,33245,LED-091-DOB-HB,Ghaziabad
2024-2025,Qtr 3,33040,LED-091-DOB-HB,Ghaziabad
2024-2025,Qtr 4,50040,LED-091-DOB-HB,Ghaziabad
2024-2025,Qtr 2,35640,LED-091-DOB-HB,Haridwar
2024-2025,Qtr 3,10820,LED-091-DOB-HB,Haridwar
2024-2025,Qtr 4,25240,LED-091-DOB-HB,Haridwar
2024-2025,Qtr 2,20600,LED-091-DOB-HB,HYD
2024-2025,Qtr 3,33400,LED-091-DOB-HB,HYD
2024-2025,Qtr 4,27490,LED-091-DOB-HB,HYD
2024-2025,Qtr 2,17200,LED-091-DOB-HB,Indore
2024-2025,Qtr 3,23880,LED-091-DOB-HB,Indore
2024-2025,Qtr 4,32120,LED-091-DOB-HB,Indore
2024-2025,Qtr 2,16120,LED-091-DOB-HB,Jaipur
2024-2025,Qtr 3,41520,LED-091-DOB-HB,Jaipur
2024-2025,Qtr 4,84140,LED-091-DOB-HB,Jaipur
2024-2025,Qtr 2,9720,LED-091-DOB-HB,Kerala
2024-2025,Qtr 3,10080,LED-091-DOB-HB,Kerala
2024-2025,Qtr 4,22880,LED-091-DOB-HB,Kerala
2024-2025,Qtr 2,91340,LED-091-DOB-HB,Kolkata
2024-2025,Qtr 3,106960,LED-091-DOB-HB,Kolkata
2024-2025,Qtr 4,180740,LED-091-DOB-HB,Kolkata
2024-2025,Qtr 2,29300,LED-091-DOB-HB,Lucknow
2024-2025,Qtr 3,70440,LED-091-DOB-HB,Lucknow
2024-2025,Qtr 4,253620,LED-091-DOB-HB,Lucknow
2024-2025,Qtr 2,624380,LED-091-DOB-HB,Patna
2024-2025,Qtr 3,973100,LED-091-DOB-HB,Patna
2024-2025,Qtr 4,1387930,LED-091-DOB-HB,Patna
2024-2025,Qtr 2,72980,LED-091-DOB-HB,Pune
2024-2025,Qtr 3,77560,LED-091-DOB-HB,Pune
2024-2025,Qtr 4,84620,LED-091-DOB-HB,Pune
2024-2025,Qtr 2,17600,LED-091-DOB-HB,Raipur
2024-2025,Qtr 3,28200,LED-091-DOB-HB,Raipur
2024-2025,Qtr 4,70320,LED-091-DOB-HB,Raipur
2024-2025,Qtr 2,22236,LED-091-DOB-HB,Valsad
2024-2025,Qtr 3,149788,LED-091-DOB-HB,Valsad
2024-2025,Qtr 4,150820,LED-091-DOB-HB,Valsad
2024-2025,Qtr 2,180000,LED-091-DOB-HB,Zirakppur
2024-2025,Qtr 3,290300,LED-091-DOB-HB,Zirakppur
2024-2025,Qtr 4,676660,LED-091-DOB-HB,Zirakppur
2024-2025,Qtr 2,6860,LED-T5LR-201,Assam
2024-2025,Qtr 3,10900,LED-T5LR-201,Assam
2024-2025,Qtr 4,8620,LED-T5LR-201,Assam
2024-2025,Qtr 2,19520,LED-T5LR-201,Bangalore
2024-2025,Qtr 3,40320,LED-T5LR-201,Bangalore
2024-2025,Qtr 4,26023,LED-T5LR-201,Bangalore
2024-2025,Qtr 2,17520,LED-T5LR-201,Bhiwandi
2024-2025,Qtr 3,27300,LED-T5LR-201,Bhiwandi
2024-2025,Qtr 4,28490,LED-T5LR-201,Bhiwandi
2024-2025,Qtr 2,38400,LED-T5LR-201,Chennai
2024-2025,Qtr 3,28700,LED-T5LR-201,Chennai
2024-2025,Qtr 4,33020,LED-T5LR-201,Chennai
2024-2025,Qtr 2,17560,LED-T5LR-201,Ghaziabad
2024-2025,Qtr 3,22140,LED-T5LR-201,Ghaziabad
2024-2025,Qtr 4,27060,LED-T5LR-201,Ghaziabad
2024-2025,Qtr 2,4720,LED-T5LR-201,Haridwar
2024-2025,Qtr 3,3700,LED-T5LR-201,Haridwar
2024-2025,Qtr 4,4160,LED-T5LR-201,Haridwar
2024-2025,Qtr 2,29000,LED-T5LR-201,HYD
2024-2025,Qtr 3,23000,LED-T5LR-201,HYD
2024-2025,Qtr 4,8800,LED-T5LR-201,HYD
2024-2025,Qtr 2,1740,LED-T5LR-201,Indore
2024-2025,Qtr 3,3940,LED-T5LR-201,Indore
2024-2025,Qtr 4,6100,LED-T5LR-201,Indore
2024-2025,Qtr 2,6040,LED-T5LR-201,Jaipur
2024-2025,Qtr 3,6680,LED-T5LR-201,Jaipur
2024-2025,Qtr 4,9180,LED-T5LR-201,Jaipur
2024-2025,Qtr 2,6720,LED-T5LR-201,Kerala
2024-2025,Qtr 3,6720,LED-T5LR-201,Kerala
2024-2025,Qtr 4,8280,LED-T5LR-201,Kerala
2024-2025,Qtr 2,15880,LED-T5LR-201,Kolkata
2024-2025,Qtr 3,23560,LED-T5LR-201,Kolkata
2024-2025,Qtr 4,13960,LED-T5LR-201,Kolkata
2024-2025,Qtr 2,13220,LED-T5LR-201,Lucknow
2024-2025,Qtr 3,14920,LED-T5LR-201,Lucknow
2024-2025,Qtr 4,37296,LED-T5LR-201,Lucknow
2024-2025,Qtr 2,70740,LED-T5LR-201,Patna
2024-2025,Qtr 3,77990,LED-T5LR-201,Patna
2024-2025,Qtr 4,91100,LED-T5LR-201,Patna
2024-2025,Qtr 2,48050,LED-T5LR-201,Pune
2024-2025,Qtr 3,49440,LED-T5LR-201,Pune
2024-2025,Qtr 4,33490,LED-T5LR-201,Pune
2024-2025,Qtr 2,5820,LED-T5LR-201,Raipur
2024-2025,Qtr 3,7040,LED-T5LR-201,Raipur
2024-2025,Qtr 4,5100,LED-T5LR-201,Raipur
2024-2025,Qtr 2,26833,LED-T5LR-201,Valsad
2024-2025,Qtr 3,37494,LED-T5LR-201,Valsad
2024-2025,Qtr 4,40300,LED-T5LR-201,Valsad
2024-2025,Qtr 2,37320,LED-T5LR-201,Zirakppur
2024-2025,Qtr 3,44220,LED-T5LR-201,Zirakppur
2024-2025,Qtr 4,56210,LED-T5LR-201,Zirakppur
2023-2024,Qtr 1,18080,LED-T5LR-201,Assam
2023-2024,Qtr 2,16520,LED-T5LR-201,Assam
2023-2024,Qtr 3,7620,LED-T5LR-201,Assam
2023-2024,Qtr 4,12080,LED-T5LR-201,Assam
2023-2024,Qtr 1,34680,LED-T5LR-201,Bangalore
2023-2024,Qtr 2,71660,LED-T5LR-201,Bangalore
2023-2024,Qtr 3,53820,LED-T5LR-201,Bangalore
2023-2024,Qtr 4,24460,LED-T5LR-201,Bangalore
2023-2024,Qtr 1,49190,LED-T5LR-201,Bhiwandi
2023-2024,Qtr 2,31341,LED-T5LR-201,Bhiwandi
2023-2024,Qtr 3,26540,LED-T5LR-201,Bhiwandi
2023-2024,Qtr 4,39155,LED-T5LR-201,Bhiwandi
2023-2024,Qtr 1,58380,LED-T5LR-201,Chennai
2023-2024,Qtr 2,66455,LED-T5LR-201,Chennai
2023-2024,Qtr 3,42080,LED-T5LR-201,Chennai
2023-2024,Qtr 4,56180,LED-T5LR-201,Chennai
2023-2024,Qtr 1,28380,LED-T5LR-201,Ghaziabad
2023-2024,Qtr 2,22760,LED-T5LR-201,Ghaziabad
2023-2024,Qtr 3,6220,LED-T5LR-201,Ghaziabad
2023-2024,Qtr 4,19870,LED-T5LR-201,Ghaziabad
2023-2024,Qtr 1,4530,LED-T5LR-201,Haridwar
2023-2024,Qtr 2,7720,LED-T5LR-201,Haridwar
2023-2024,Qtr 3,3240,LED-T5LR-201,Haridwar
2023-2024,Qtr 4,8680,LED-T5LR-201,Haridwar
2023-2024,Qtr 1,34390,LED-T5LR-201,HYD
2023-2024,Qtr 2,46140,LED-T5LR-201,HYD
2023-2024,Qtr 3,15720,LED-T5LR-201,HYD
2023-2024,Qtr 4,45160,LED-T5LR-201,HYD
2023-2024,Qtr 1,3980,LED-T5LR-201,Indore
2023-2024,Qtr 2,13300,LED-T5LR-201,Indore
2023-2024,Qtr 3,3300,LED-T5LR-201,Indore
2023-2024,Qtr 4,8800,LED-T5LR-201,Indore
2023-2024,Qtr 1,24100,LED-T5LR-201,Jaipur
2023-2024,Qtr 2,29180,LED-T5LR-201,Jaipur
2023-2024,Qtr 3,14080,LED-T5LR-201,Jaipur
2023-2024,Qtr 4,14580,LED-T5LR-201,Jaipur
2023-2024,Qtr 1,8940,LED-T5LR-201,Kerala
2023-2024,Qtr 2,21140,LED-T5LR-201,Kerala
2023-2024,Qtr 3,6760,LED-T5LR-201,Kerala
2023-2024,Qtr 4,12220,LED-T5LR-201,Kerala
2023-2024,Qtr 1,46300,LED-T5LR-201,Kolkata
2023-2024,Qtr 2,65880,LED-T5LR-201,Kolkata
2023-2024,Qtr 3,26715,LED-T5LR-201,Kolkata
2023-2024,Qtr 4,54932,LED-T5LR-201,Kolkata
2023-2024,Qtr 1,17940,LED-T5LR-201,Lucknow
2023-2024,Qtr 2,36210,LED-T5LR-201,Lucknow
2023-2024,Qtr 3,3780,LED-T5LR-201,Lucknow
2023-2024,Qtr 4,29920,LED-T5LR-201,Lucknow
2023-2024,Qtr 1,193790,LED-T5LR-201,Patna
2023-2024,Qtr 2,253700,LED-T5LR-201,Patna
2023-2024,Qtr 3,19088,LED-T5LR-201,Patna
2023-2024,Qtr 4,154680,LED-T5LR-201,Patna
2023-2024,Qtr 1,49340,LED-T5LR-201,Pune
2023-2024,Qtr 2,108120,LED-T5LR-201,Pune
2023-2024,Qtr 3,42260,LED-T5LR-201,Pune
2023-2024,Qtr 4,65960,LED-T5LR-201,Pune
2023-2024,Qtr 1,8000,LED-T5LR-201,Raipur
2023-2024,Qtr 2,11700,LED-T5LR-201,Raipur
2023-2024,Qtr 3,3680,LED-T5LR-201,Raipur
2023-2024,Qtr 4,4660,LED-T5LR-201,Raipur
2023-2024,Qtr 1,47460,LED-T5LR-201,Valsad
2023-2024,Qtr 2,52000,LED-T5LR-201,Valsad
2023-2024,Qtr 3,29900,LED-T5LR-201,Valsad
2023-2024,Qtr 4,41610,LED-T5LR-201,Valsad
2023-2024,Qtr 1,96940,LED-T5LR-201,Zirakppur
2023-2024,Qtr 2,74400,LED-T5LR-201,Zirakppur
2023-2024,Qtr 3,13880,LED-T5LR-201,Zirakppur
2023-2024,Qtr 4,52650,LED-T5LR-201,Zirakppur
2022-2023,Qtr 1,19540,LED-T5LR-201,Assam
2022-2023,Qtr 2,4680,LED-T5LR-201,Assam
2022-2023,Qtr 3,4480,LED-T5LR-201,Assam
2022-2023,Qtr 4,7530,LED-T5LR-201,Assam
2022-2023,Qtr 1,21860,LED-T5LR-201,Bangalore
2022-2023,Qtr 2,17500,LED-T5LR-201,Bangalore
2022-2023,Qtr 3,37600,LED-T5LR-201,Bangalore
2022-2023,Qtr 4,37175,LED-T5LR-201,Bangalore
2022-2023,Qtr 1,27730,LED-T5LR-201,Bhiwandi
2022-2023,Qtr 2,18660,LED-T5LR-201,Bhiwandi
2022-2023,Qtr 3,28850,LED-T5LR-201,Bhiwandi
2022-2023,Qtr 4,25631,LED-T5LR-201,Bhiwandi
2022-2023,Qtr 1,27820,LED-T5LR-201,Chennai
2022-2023,Qtr 2,26880,LED-T5LR-201,Chennai
2022-2023,Qtr 3,21440,LED-T5LR-201,Chennai
2022-2023,Qtr 4,19880,LED-T5LR-201,Chennai
2022-2023,Qtr 1,25100,LED-T5LR-201,Ghaziabad
2022-2023,Qtr 2,25800,LED-T5LR-201,Ghaziabad
2022-2023,Qtr 3,27320,LED-T5LR-201,Ghaziabad
2022-2023,Qtr 4,18420,LED-T5LR-201,Ghaziabad
2022-2023,Qtr 1,5440,LED-T5LR-201,Haridwar
2022-2023,Qtr 2,3720,LED-T5LR-201,Haridwar
2022-2023,Qtr 3,4340,LED-T5LR-201,Haridwar
2022-2023,Qtr 4,2000,LED-T5LR-201,Haridwar
2022-2023,Qtr 1,15940,LED-T5LR-201,HYD
2022-2023,Qtr 2,6340,LED-T5LR-201,HYD
2022-2023,Qtr 3,43520,LED-T5LR-201,HYD
2022-2023,Qtr 4,5840,LED-T5LR-201,HYD
2022-2023,Qtr 1,1200,LED-T5LR-201,Indore
2022-2023,Qtr 2,2020,LED-T5LR-201,Indore
2022-2023,Qtr 3,1520,LED-T5LR-201,Indore
2022-2023,Qtr 4,940,LED-T5LR-201,Indore
2022-2023,Qtr 1,13540,LED-T5LR-201,Jaipur
2022-2023,Qtr 2,7400,LED-T5LR-201,Jaipur
2022-2023,Qtr 3,12640,LED-T5LR-201,Jaipur
2022-2023,Qtr 4,14340,LED-T5LR-201,Jaipur
2022-2023,Qtr 1,16380,LED-T5LR-201,Kerala
2022-2023,Qtr 2,12540,LED-T5LR-201,Kerala
2022-2023,Qtr 3,18560,LED-T5LR-201,Kerala
2022-2023,Qtr 4,11020,LED-T5LR-201,Kerala
2022-2023,Qtr 1,51948,LED-T5LR-201,Kolkata
2022-2023,Qtr 2,33380,LED-T5LR-201,Kolkata
2022-2023,Qtr 3,61720,LED-T5LR-201,Kolkata
2022-2023,Qtr 4,41500,LED-T5LR-201,Kolkata
2022-2023,Qtr 1,12780,LED-T5LR-201,Lucknow
2022-2023,Qtr 2,8380,LED-T5LR-201,Lucknow
2022-2023,Qtr 3,10720,LED-T5LR-201,Lucknow
2022-2023,Qtr 4,13220,LED-T5LR-201,Lucknow
2022-2023,Qtr 1,129900,LED-T5LR-201,Patna
2022-2023,Qtr 2,59180,LED-T5LR-201,Patna
2022-2023,Qtr 3,101320,LED-T5LR-201,Patna
2022-2023,Qtr 4,110240,LED-T5LR-201,Patna
2022-2023,Qtr 1,50000,LED-T5LR-201,Pune
2022-2023,Qtr 2,24560,LED-T5LR-201,Pune
2022-2023,Qtr 3,57600,LED-T5LR-201,Pune
2022-2023,Qtr 4,64450,LED-T5LR-201,Pune
2022-2023,Qtr 1,2160,LED-T5LR-201,Raipur
2022-2023,Qtr 2,6220,LED-T5LR-201,Raipur
2022-2023,Qtr 3,12480,LED-T5LR-201,Raipur
2022-2023,Qtr 4,3060,LED-T5LR-201,Raipur
2022-2023,Qtr 1,29010,LED-T5LR-201,Valsad
2022-2023,Qtr 2,19580,LED-T5LR-201,Valsad
2022-2023,Qtr 3,49039,LED-T5LR-201,Valsad
2022-2023,Qtr 4,33130,LED-T5LR-201,Valsad
2022-2023,Qtr 1,44760,LED-T5LR-201,Zirakppur
2022-2023,Qtr 2,25390,LED-T5LR-201,Zirakppur
2022-2023,Qtr 3,24820,LED-T5LR-201,Zirakppur
2022-2023,Qtr 4,50350,LED-T5LR-201,Zirakppur
2021-2022,Qtr 1,2840,LED-T5LR-201,Assam
2021-2022,Qtr 2,2460,LED-T5LR-201,Assam
2021-2022,Qtr 3,2620,LED-T5LR-201,Assam
2021-2022,Qtr 4,3480,LED-T5LR-201,Assam
2021-2022,Qtr 1,26920,LED-T5LR-201,Bangalore
2021-2022,Qtr 2,17200,LED-T5LR-201,Bangalore
2021-2022,Qtr 3,27760,LED-T5LR-201,Bangalore
2021-2022,Qtr 4,31280,LED-T5LR-201,Bangalore
2021-2022,Qtr 1,35890,LED-T5LR-201,Bhiwandi
2021-2022,Qtr 2,19644,LED-T5LR-201,Bhiwandi
2021-2022,Qtr 3,36781,LED-T5LR-201,Bhiwandi
2021-2022,Qtr 4,36480,LED-T5LR-201,Bhiwandi
2021-2022,Qtr 1,24080,LED-T5LR-201,Chennai
2021-2022,Qtr 2,8370,LED-T5LR-201,Chennai
2021-2022,Qtr 3,21060,LED-T5LR-201,Chennai
2021-2022,Qtr 4,20360,LED-T5LR-201,Chennai
2021-2022,Qtr 1,18750,LED-T5LR-201,Ghaziabad
2021-2022,Qtr 2,4040,LED-T5LR-201,Ghaziabad
2021-2022,Qtr 3,13910,LED-T5LR-201,Ghaziabad
2021-2022,Qtr 4,21120,LED-T5LR-201,Ghaziabad
2021-2022,Qtr 1,2080,LED-T5LR-201,Haridwar
2021-2022,Qtr 2,1500,LED-T5LR-201,Haridwar
2021-2022,Qtr 3,3840,LED-T5LR-201,Haridwar
2021-2022,Qtr 4,7720,LED-T5LR-201,Haridwar
2021-2022,Qtr 1,37520,LED-T5LR-201,HYD
2021-2022,Qtr 2,5320,LED-T5LR-201,HYD
2021-2022,Qtr 3,35420,LED-T5LR-201,HYD
2021-2022,Qtr 4,24340,LED-T5LR-201,HYD
2021-2022,Qtr 1,2760,LED-T5LR-201,Indore
2021-2022,Qtr 2,1100,LED-T5LR-201,Indore
2021-2022,Qtr 3,2100,LED-T5LR-201,Indore
2021-2022,Qtr 4,700,LED-T5LR-201,Indore
2021-2022,Qtr 1,10140,LED-T5LR-201,Jaipur
2021-2022,Qtr 2,2040,LED-T5LR-201,Jaipur
2021-2022,Qtr 3,5740,LED-T5LR-201,Jaipur
2021-2022,Qtr 4,11580,LED-T5LR-201,Jaipur
2021-2022,Qtr 1,9780,LED-T5LR-201,Kerala
2021-2022,Qtr 2,1260,LED-T5LR-201,Kerala
2021-2022,Qtr 3,4570,LED-T5LR-201,Kerala
2021-2022,Qtr 4,6860,LED-T5LR-201,Kerala
2021-2022,Qtr 1,36760,LED-T5LR-201,Kolkata
2021-2022,Qtr 2,15400,LED-T5LR-201,Kolkata
2021-2022,Qtr 3,39860,LED-T5LR-201,Kolkata
2021-2022,Qtr 4,61460,LED-T5LR-201,Kolkata
2021-2022,Qtr 1,15180,LED-T5LR-201,Lucknow
2021-2022,Qtr 2,8880,LED-T5LR-201,Lucknow
2021-2022,Qtr 3,7300,LED-T5LR-201,Lucknow
2021-2022,Qtr 4,16220,LED-T5LR-201,Lucknow
2021-2022,Qtr 1,58380,LED-T5LR-201,Patna
2021-2022,Qtr 2,33560,LED-T5LR-201,Patna
2021-2022,Qtr 3,84000,LED-T5LR-201,Patna
2021-2022,Qtr 4,99476,LED-T5LR-201,Patna
2021-2022,Qtr 1,65080,LED-T5LR-201,Pune
2021-2022,Qtr 2,16460,LED-T5LR-201,Pune
2021-2022,Qtr 3,48060,LED-T5LR-201,Pune
2021-2022,Qtr 4,53240,LED-T5LR-201,Pune
2021-2022,Qtr 1,4680,LED-T5LR-201,Raipur
2021-2022,Qtr 2,2900,LED-T5LR-201,Raipur
2021-2022,Qtr 3,9080,LED-T5LR-201,Raipur
2021-2022,Qtr 4,5740,LED-T5LR-201,Raipur
2021-2022,Qtr 1,34450,LED-T5LR-201,Valsad
2021-2022,Qtr 2,16137,LED-T5LR-201,Valsad
2021-2022,Qtr 3,34384,LED-T5LR-201,Valsad
2021-2022,Qtr 4,26873,LED-T5LR-201,Valsad
2021-2022,Qtr 1,45901,LED-T5LR-201,Zirakppur
2021-2022,Qtr 2,15140,LED-T5LR-201,Zirakppur
2021-2022,Qtr 3,37660,LED-T5LR-201,Zirakppur
2021-2022,Qtr 4,40740,LED-T5LR-201,Zirakppur
2021-2022,Qtr 1,1880,LED-091EMG-B,Assam
2021-2022,Qtr 2,1200,LED-091EMG-B,Assam
2021-2022,Qtr 3,1240,LED-091EMG-B,Assam
2021-2022,Qtr 4,1640,LED-091EMG-B,Assam
2022-2023,Qtr 1,3440,LED-091EMG-B,Assam
2022-2023,Qtr 2,2620,LED-091EMG-B,Assam
2022-2023,Qtr 3,3120,LED-091EMG-B,Assam
2022-2023,Qtr 4,2540,LED-091EMG-B,Assam
2023-2024,Qtr 1,3240,LED-091EMG-B,Assam
2023-2024,Qtr 2,5640,LED-091EMG-B,Assam
2023-2024,Qtr 3,14040,LED-091EMG-B,Assam
2023-2024,Qtr 4,2880,LED-091EMG-B,Assam
2024-2025,Qtr 2,6440,LED-091EMG-B,Assam
2024-2025,Qtr 3,3280,LED-091EMG-B,Assam
2024-2025,Qtr 4,2660,LED-091EMG-B,Assam
2021-2022,Qtr 1,7480,LED-091EMG-B,Bangalore
2021-2022,Qtr 2,10680,LED-091EMG-B,Bangalore
2021-2022,Qtr 3,21480,LED-091EMG-B,Bangalore
2021-2022,Qtr 4,15950,LED-091EMG-B,Bangalore
2022-2023,Qtr 1,4200,LED-091EMG-B,Bangalore
2022-2023,Qtr 2,29760,LED-091EMG-B,Bangalore
2022-2023,Qtr 3,10000,LED-091EMG-B,Bangalore
2022-2023,Qtr 4,4640,LED-091EMG-B,Bangalore
2023-2024,Qtr 1,6080,LED-091EMG-B,Bangalore
2023-2024,Qtr 2,19480,LED-091EMG-B,Bangalore
2023-2024,Qtr 3,24120,LED-091EMG-B,Bangalore
2023-2024,Qtr 4,10120,LED-091EMG-B,Bangalore
2024-2025,Qtr 2,25240,LED-091EMG-B,Bangalore
2024-2025,Qtr 3,17920,LED-091EMG-B,Bangalore
2024-2025,Qtr 4,10838,LED-091EMG-B,Bangalore
2021-2022,Qtr 1,1240,LED-091EMG-B,Chennai
2021-2022,Qtr 2,2040,LED-091EMG-B,Chennai
2021-2022,Qtr 3,6160,LED-091EMG-B,Chennai
2021-2022,Qtr 4,9560,LED-091EMG-B,Chennai
2022-2023,Qtr 1,2000,LED-091EMG-B,Chennai
2022-2023,Qtr 2,7240,LED-091EMG-B,Chennai
2022-2023,Qtr 3,3160,LED-091EMG-B,Chennai
2022-2023,Qtr 4,2600,LED-091EMG-B,Chennai
2023-2024,Qtr 1,2720,LED-091EMG-B,Chennai
2023-2024,Qtr 2,5360,LED-091EMG-B,Chennai
2023-2024,Qtr 3,10600,LED-091EMG-B,Chennai
2023-2024,Qtr 4,6000,LED-091EMG-B,Chennai
2024-2025,Qtr 2,4600,LED-091EMG-B,Chennai
2024-2025,Qtr 3,4840,LED-091EMG-B,Chennai
2024-2025,Qtr 4,7640,LED-091EMG-B,Chennai
2021-2022,Qtr 1,3600,LED-091EMG-B,Haridwar
2021-2022,Qtr 2,2640,LED-091EMG-B,Haridwar
2021-2022,Qtr 3,3960,LED-091EMG-B,Haridwar
2021-2022,Qtr 4,1960,LED-091EMG-B,Haridwar
2022-2023,Qtr 1,1440,LED-091EMG-B,Haridwar
2022-2023,Qtr 2,6750,LED-091EMG-B,Haridwar
2022-2023,Qtr 3,8510,LED-091EMG-B,Haridwar
2022-2023,Qtr 4,4020,LED-091EMG-B,Haridwar
2023-2024,Qtr 1,1020,LED-091EMG-B,Haridwar
2023-2024,Qtr 2,2280,LED-091EMG-B,Haridwar
2023-2024,Qtr 3,3320,LED-091EMG-B,Haridwar
2023-2024,Qtr 4,1080,LED-091EMG-B,Haridwar
2024-2025,Qtr 2,4240,LED-091EMG-B,Haridwar
2024-2025,Qtr 3,3920,LED-091EMG-B,Haridwar
2024-2025,Qtr 4,3280,LED-091EMG-B,Haridwar
2021-2022,Qtr 1,6480,LED-091EMG-B,HYD
2021-2022,Qtr 2,13480,LED-091EMG-B,HYD
2021-2022,Qtr 3,20400,LED-091EMG-B,HYD
2021-2022,Qtr 4,3960,LED-091EMG-B,HYD
2022-2023,Qtr 1,6200,LED-091EMG-B,HYD
2022-2023,Qtr 2,16320,LED-091EMG-B,HYD
2022-2023,Qtr 3,18320,LED-091EMG-B,HYD
2022-2023,Qtr 4,2000,LED-091EMG-B,HYD
2023-2024,Qtr 1,1520,LED-091EMG-B,HYD
2023-2024,Qtr 2,27240,LED-091EMG-B,HYD
2023-2024,Qtr 3,12520,LED-091EMG-B,HYD
2024-2025,Qtr 2,21600,LED-091EMG-B,HYD
2024-2025,Qtr 3,11360,LED-091EMG-B,HYD
2024-2025,Qtr 4,800,LED-091EMG-B,HYD
2021-2022,Qtr 1,2000,LED-091EMG-B,Indore
2021-2022,Qtr 2,3480,LED-091EMG-B,Indore
2021-2022,Qtr 3,3640,LED-091EMG-B,Indore
2021-2022,Qtr 4,1640,LED-091EMG-B,Indore
2022-2023,Qtr 1,3760,LED-091EMG-B,Indore
2022-2023,Qtr 2,10560,LED-091EMG-B,Indore
2022-2023,Qtr 3,8240,LED-091EMG-B,Indore
2022-2023,Qtr 4,640,LED-091EMG-B,Indore
2023-2024,Qtr 1,2800,LED-091EMG-B,Indore
2023-2024,Qtr 2,16320,LED-091EMG-B,Indore
2023-2024,Qtr 3,8360,LED-091EMG-B,Indore
2023-2024,Qtr 4,2880,LED-091EMG-B,Indore
2024-2025,Qtr 2,9520,LED-091EMG-B,Indore
2024-2025,Qtr 3,8120,LED-091EMG-B,Indore
2024-2025,Qtr 4,3040,LED-091EMG-B,Indore
2021-2022,Qtr 1,12240,LED-091EMG-B,Jaipur
2021-2022,Qtr 2,3570,LED-091EMG-B,Jaipur
2021-2022,Qtr 3,5680,LED-091EMG-B,Jaipur
2021-2022,Qtr 4,7320,LED-091EMG-B,Jaipur
2022-2023,Qtr 1,10390,LED-091EMG-B,Jaipur
2022-2023,Qtr 2,11600,LED-091EMG-B,Jaipur
2022-2023,Qtr 3,9340,LED-091EMG-B,Jaipur
2022-2023,Qtr 4,3920,LED-091EMG-B,Jaipur
2023-2024,Qtr 1,6840,LED-091EMG-B,Jaipur
2023-2024,Qtr 2,10640,LED-091EMG-B,Jaipur
2023-2024,Qtr 3,10880,LED-091EMG-B,Jaipur
2023-2024,Qtr 4,3720,LED-091EMG-B,Jaipur
2024-2025,Qtr 2,4880,LED-091EMG-B,Jaipur
2024-2025,Qtr 3,11680,LED-091EMG-B,Jaipur
2024-2025,Qtr 4,10080,LED-091EMG-B,Jaipur
2021-2022,Qtr 1,1200,LED-091EMG-B,Kerala
2021-2022,Qtr 2,3240,LED-091EMG-B,Kerala
2021-2022,Qtr 3,1250,LED-091EMG-B,Kerala
2021-2022,Qtr 4,3360,LED-091EMG-B,Kerala
2022-2023,Qtr 1,240,LED-091EMG-B,Kerala
2022-2023,Qtr 2,4240,LED-091EMG-B,Kerala
2022-2023,Qtr 3,260,LED-091EMG-B,Kerala
2022-2023,Qtr 4,880,LED-091EMG-B,Kerala
2023-2024,Qtr 1,320,LED-091EMG-B,Kerala
2023-2024,Qtr 2,1080,LED-091EMG-B,Kerala
2023-2024,Qtr 3,1520,LED-091EMG-B,Kerala
2023-2024,Qtr 4,520,LED-091EMG-B,Kerala
2024-2025,Qtr 2,1040,LED-091EMG-B,Kerala
2024-2025,Qtr 3,1120,LED-091EMG-B,Kerala
2024-2025,Qtr 4,2480,LED-091EMG-B,Kerala
2021-2022,Qtr 1,14900,LED-091EMG-B,Kolkata
2021-2022,Qtr 2,18990,LED-091EMG-B,Kolkata
2021-2022,Qtr 3,30660,LED-091EMG-B,Kolkata
2021-2022,Qtr 4,21461,LED-091EMG-B,Kolkata
2022-2023,Qtr 1,14800,LED-091EMG-B,Kolkata
2022-2023,Qtr 2,44690,LED-091EMG-B,Kolkata
2022-2023,Qtr 3,22189,LED-091EMG-B,Kolkata
2022-2023,Qtr 4,21760,LED-091EMG-B,Kolkata
2023-2024,Qtr 1,28640,LED-091EMG-B,Kolkata
2023-2024,Qtr 2,28260,LED-091EMG-B,Kolkata
2023-2024,Qtr 3,30640,LED-091EMG-B,Kolkata
2023-2024,Qtr 4,9520,LED-091EMG-B,Kolkata
2024-2025,Qtr 2,17360,LED-091EMG-B,Kolkata
2024-2025,Qtr 3,7980,LED-091EMG-B,Kolkata
2024-2025,Qtr 4,9860,LED-091EMG-B,Kolkata
2021-2022,Qtr 1,6720,LED-091EMG-B,Lucknow
2021-2022,Qtr 2,4740,LED-091EMG-B,Lucknow
2021-2022,Qtr 3,13900,LED-091EMG-B,Lucknow
2021-2022,Qtr 4,12100,LED-091EMG-B,Lucknow
2022-2023,Qtr 1,6880,LED-091EMG-B,Lucknow
2022-2023,Qtr 2,12720,LED-091EMG-B,Lucknow
2022-2023,Qtr 3,11680,LED-091EMG-B,Lucknow
2022-2023,Qtr 4,12960,LED-091EMG-B,Lucknow
2023-2024,Qtr 1,9720,LED-091EMG-B,Lucknow
2023-2024,Qtr 2,8280,LED-091EMG-B,Lucknow
2023-2024,Qtr 3,14920,LED-091EMG-B,Lucknow
2023-2024,Qtr 4,11640,LED-091EMG-B,Lucknow
2024-2025,Qtr 2,2480,LED-091EMG-B,Lucknow
2024-2025,Qtr 3,9040,LED-091EMG-B,Lucknow
2024-2025,Qtr 4,15980,LED-091EMG-B,Lucknow
2021-2022,Qtr 1,77617,LED-091EMG-B,Patna
2021-2022,Qtr 2,54684,LED-091EMG-B,Patna
2021-2022,Qtr 3,143279,LED-091EMG-B,Patna
2021-2022,Qtr 4,170646,LED-091EMG-B,Patna
2022-2023,Qtr 1,59966,LED-091EMG-B,Patna
2022-2023,Qtr 2,161798,LED-091EMG-B,Patna
2022-2023,Qtr 3,142416,LED-091EMG-B,Patna
2022-2023,Qtr 4,100595,LED-091EMG-B,Patna
2023-2024,Qtr 1,104965,LED-091EMG-B,Patna
2023-2024,Qtr 2,94640,LED-091EMG-B,Patna
2023-2024,Qtr 3,197660,LED-091EMG-B,Patna
2023-2024,Qtr 4,68640,LED-091EMG-B,Patna
2024-2025,Qtr 2,94780,LED-091EMG-B,Patna
2024-2025,Qtr 3,60250,LED-091EMG-B,Patna
2024-2025,Qtr 4,76830,LED-091EMG-B,Patna
2021-2022,Qtr 1,15280,LED-091EMG-B,Pune
2021-2022,Qtr 2,34870,LED-091EMG-B,Pune
2021-2022,Qtr 3,39200,LED-091EMG-B,Pune
2021-2022,Qtr 4,37600,LED-091EMG-B,Pune
2022-2023,Qtr 1,17370,LED-091EMG-B,Pune
2022-2023,Qtr 2,60940,LED-091EMG-B,Pune
2022-2023,Qtr 3,38780,LED-091EMG-B,Pune
2022-2023,Qtr 4,19000,LED-091EMG-B,Pune
2023-2024,Qtr 1,19240,LED-091EMG-B,Pune
2023-2024,Qtr 2,61480,LED-091EMG-B,Pune
2023-2024,Qtr 3,58760,LED-091EMG-B,Pune
2023-2024,Qtr 4,13680,LED-091EMG-B,Pune
2024-2025,Qtr 2,76860,LED-091EMG-B,Pune
2024-2025,Qtr 3,49320,LED-091EMG-B,Pune
2024-2025,Qtr 4,17960,LED-091EMG-B,Pune
2021-2022,Qtr 1,1600,LED-091EMG-B,Raipur
2021-2022,Qtr 2,4240,LED-091EMG-B,Raipur
2021-2022,Qtr 3,4800,LED-091EMG-B,Raipur
2021-2022,Qtr 4,4560,LED-091EMG-B,Raipur
2022-2023,Qtr 1,1960,LED-091EMG-B,Raipur
2022-2023,Qtr 2,32680,LED-091EMG-B,Raipur
2022-2023,Qtr 3,8000,LED-091EMG-B,Raipur
2022-2023,Qtr 4,6240,LED-091EMG-B,Raipur
2023-2024,Qtr 1,1680,LED-091EMG-B,Raipur
2023-2024,Qtr 2,22780,LED-091EMG-B,Raipur
2023-2024,Qtr 3,18600,LED-091EMG-B,Raipur
2023-2024,Qtr 4,400,LED-091EMG-B,Raipur
2024-2025,Qtr 2,32520,LED-091EMG-B,Raipur
2024-2025,Qtr 3,2920,LED-091EMG-B,Raipur
2024-2025,Qtr 4,2640,LED-091EMG-B,Raipur
2021-2022,Qtr 1,6115,LED-091EMG-B,Valsad
2021-2022,Qtr 2,22706,LED-091EMG-B,Valsad
2021-2022,Qtr 3,7065,LED-091EMG-B,Valsad
2021-2022,Qtr 4,5167,LED-091EMG-B,Valsad
2022-2023,Qtr 1,4040,LED-091EMG-B,Valsad
2022-2023,Qtr 2,21470,LED-091EMG-B,Valsad
2022-2023,Qtr 3,10450,LED-091EMG-B,Valsad
2022-2023,Qtr 4,2920,LED-091EMG-B,Valsad
2023-2024,Qtr 1,2280,LED-091EMG-B,Valsad
2023-2024,Qtr 2,32240,LED-091EMG-B,Valsad
2023-2024,Qtr 3,9800,LED-091EMG-B,Valsad
2023-2024,Qtr 4,1400,LED-091EMG-B,Valsad
2024-2025,Qtr 2,29094,LED-091EMG-B,Valsad
2024-2025,Qtr 3,12870,LED-091EMG-B,Valsad
2024-2025,Qtr 4,5280,LED-091EMG-B,Valsad
2021-2022,Qtr 1,17800,LED-091EMG-B,Zirakppur
2021-2022,Qtr 2,7080,LED-091EMG-B,Zirakppur
2021-2022,Qtr 3,15620,LED-091EMG-B,Zirakppur
2021-2022,Qtr 4,25140,LED-091EMG-B,Zirakppur
2022-2023,Qtr 1,20440,LED-091EMG-B,Zirakppur
2022-2023,Qtr 2,15260,LED-091EMG-B,Zirakppur
2022-2023,Qtr 3,14640,LED-091EMG-B,Zirakppur
2022-2023,Qtr 4,23140,LED-091EMG-B,Zirakppur
2023-2024,Qtr 1,23240,LED-091EMG-B,Zirakppur
2023-2024,Qtr 2,21080,LED-091EMG-B,Zirakppur
2023-2024,Qtr 3,36760,LED-091EMG-B,Zirakppur
2023-2024,Qtr 4,17720,LED-091EMG-B,Zirakppur
2024-2025,Qtr 2,14780,LED-091EMG-B,Zirakppur
2024-2025,Qtr 3,18040,LED-091EMG-B,Zirakppur
2024-2025,Qtr 4,14740,LED-091EMG-B,Zirakppur
2021-2022,Qtr 1,15380,LED-121-DOB-B,Bangalore
2021-2022,Qtr 2,7327,LED-121-DOB-B,Bangalore
2021-2022,Qtr 3,19160,LED-121-DOB-B,Bangalore
2021-2022,Qtr 4,19960,LED-121-DOB-B,Bangalore
2022-2023,Qtr 1,17520,LED-121-DOB-B,Bangalore
2022-2023,Qtr 2,5920,LED-121-DOB-B,Bangalore
2022-2023,Qtr 3,13618,LED-121-DOB-B,Bangalore
2022-2023,Qtr 4,11543,LED-121-DOB-B,Bangalore
2023-2024,Qtr 1,22040,LED-121-DOB-B,Bangalore
2023-2024,Qtr 2,9220,LED-121-DOB-B,Bangalore
2023-2024,Qtr 3,18480,LED-121-DOB-B,Bangalore
2023-2024,Qtr 4,9350,LED-121-DOB-B,Bangalore
2024-2025,Qtr 2,10203,LED-121-DOB-B,Bangalore
2024-2025,Qtr 3,17500,LED-121-DOB-B,Bangalore
2024-2025,Qtr 4,18396,LED-121-DOB-B,Bangalore
2021-2022,Qtr 1,7920,LED-121-DOB-B,Chennai
2021-2022,Qtr 2,1640,LED-121-DOB-B,Chennai
2021-2022,Qtr 3,8480,LED-121-DOB-B,Chennai
2021-2022,Qtr 4,5600,LED-121-DOB-B,Chennai
2022-2023,Qtr 1,5080,LED-121-DOB-B,Chennai
2022-2023,Qtr 2,1120,LED-121-DOB-B,Chennai
2022-2023,Qtr 3,1760,LED-121-DOB-B,Chennai
2022-2023,Qtr 4,2960,LED-121-DOB-B,Chennai
2023-2024,Qtr 1,2240,LED-121-DOB-B,Chennai
2023-2024,Qtr 2,3420,LED-121-DOB-B,Chennai
2023-2024,Qtr 3,4780,LED-121-DOB-B,Chennai
2023-2024,Qtr 4,2720,LED-121-DOB-B,Chennai
2024-2025,Qtr 2,2240,LED-121-DOB-B,Chennai
2024-2025,Qtr 3,1320,LED-121-DOB-B,Chennai
2024-2025,Qtr 4,3340,LED-121-DOB-B,Chennai
2021-2022,Qtr 1,7760,LED-121-DOB-B,HYD
2021-2022,Qtr 2,2720,LED-121-DOB-B,HYD
2021-2022,Qtr 3,80,LED-121-DOB-B,HYD
2021-2022,Qtr 4,4640,LED-121-DOB-B,HYD
2022-2023,Qtr 1,5440,LED-121-DOB-B,HYD
2022-2023,Qtr 3,4800,LED-121-DOB-B,HYD
2022-2023,Qtr 4,5600,LED-121-DOB-B,HYD
2023-2024,Qtr 1,8780,LED-121-DOB-B,HYD
2023-2024,Qtr 2,4320,LED-121-DOB-B,HYD
2023-2024,Qtr 3,2000,LED-121-DOB-B,HYD
2023-2024,Qtr 4,3000,LED-121-DOB-B,HYD
2024-2025,Qtr 2,1480,LED-121-DOB-B,HYD
2024-2025,Qtr 3,1740,LED-121-DOB-B,HYD
2024-2025,Qtr 4,1560,LED-121-DOB-B,HYD
2021-2022,Qtr 1,80,LED-121-DOB-B,Indore
2021-2022,Qtr 2,1800,LED-121-DOB-B,Indore
2021-2022,Qtr 3,2720,LED-121-DOB-B,Indore
2021-2022,Qtr 4,200,LED-121-DOB-B,Indore
2022-2023,Qtr 1,400,LED-121-DOB-B,Indore
2022-2023,Qtr 2,1830,LED-121-DOB-B,Indore
2022-2023,Qtr 3,810,LED-121-DOB-B,Indore
2022-2023,Qtr 4,240,LED-121-DOB-B,Indore
2023-2024,Qtr 1,560,LED-121-DOB-B,Indore
2023-2024,Qtr 2,1360,LED-121-DOB-B,Indore
2023-2024,Qtr 3,2040,LED-121-DOB-B,Indore
2023-2024,Qtr 4,1440,LED-121-DOB-B,Indore
2024-2025,Qtr 2,1160,LED-121-DOB-B,Indore
2024-2025,Qtr 3,200,LED-121-DOB-B,Indore
2024-2025,Qtr 4,1400,LED-121-DOB-B,Indore
2021-2022,Qtr 1,80,LED-121-DOB-B,Kerala
2021-2022,Qtr 2,480,LED-121-DOB-B,Kerala
2021-2022,Qtr 3,800,LED-121-DOB-B,Kerala
2021-2022,Qtr 4,40,LED-121-DOB-B,Kerala
2022-2023,Qtr 1,800,LED-121-DOB-B,Kerala
2022-2023,Qtr 2,360,LED-121-DOB-B,Kerala
2022-2023,Qtr 3,80,LED-121-DOB-B,Kerala
2022-2023,Qtr 4,280,LED-121-DOB-B,Kerala
2023-2024,Qtr 1,40,LED-121-DOB-B,Kerala
2023-2024,Qtr 2,240,LED-121-DOB-B,Kerala
2023-2024,Qtr 3,400,LED-121-DOB-B,Kerala
2023-2024,Qtr 4,440,LED-121-DOB-B,Kerala
2024-2025,Qtr 2,160,LED-121-DOB-B,Kerala
2024-2025,Qtr 3,80,LED-121-DOB-B,Kerala
2024-2025,Qtr 4,560,LED-121-DOB-B,Kerala
2021-2022,Qtr 1,13780,LED-121-DOB-B,Kolkata
2021-2022,Qtr 2,9380,LED-121-DOB-B,Kolkata
2021-2022,Qtr 3,23480,LED-121-DOB-B,Kolkata
2021-2022,Qtr 4,15980,LED-121-DOB-B,Kolkata
2022-2023,Qtr 1,11720,LED-121-DOB-B,Kolkata
2022-2023,Qtr 2,6360,LED-121-DOB-B,Kolkata
2022-2023,Qtr 3,13280,LED-121-DOB-B,Kolkata
2022-2023,Qtr 4,7080,LED-121-DOB-B,Kolkata
2023-2024,Qtr 1,26950,LED-121-DOB-B,Kolkata
2023-2024,Qtr 2,3360,LED-121-DOB-B,Kolkata
2023-2024,Qtr 3,5280,LED-121-DOB-B,Kolkata
2023-2024,Qtr 4,11720,LED-121-DOB-B,Kolkata
2024-2025,Qtr 2,19760,LED-121-DOB-B,Kolkata
2024-2025,Qtr 4,6440,LED-121-DOB-B,Kolkata
2021-2022,Qtr 1,18170,LED-121-DOB-B,Patna
2021-2022,Qtr 2,8120,LED-121-DOB-B,Patna
2021-2022,Qtr 3,12260,LED-121-DOB-B,Patna
2021-2022,Qtr 4,16019,LED-121-DOB-B,Patna
2022-2023,Qtr 1,7240,LED-121-DOB-B,Patna
2022-2023,Qtr 2,2280,LED-121-DOB-B,Patna
2022-2023,Qtr 3,9650,LED-121-DOB-B,Patna
2022-2023,Qtr 4,12420,LED-121-DOB-B,Patna
2023-2024,Qtr 1,8680,LED-121-DOB-B,Patna
2023-2024,Qtr 2,6040,LED-121-DOB-B,Patna
2023-2024,Qtr 3,4200,LED-121-DOB-B,Patna
2023-2024,Qtr 4,12320,LED-121-DOB-B,Patna
2024-2025,Qtr 2,2120,LED-121-DOB-B,Patna
2024-2025,Qtr 3,3120,LED-121-DOB-B,Patna
2024-2025,Qtr 4,7680,LED-121-DOB-B,Patna
2021-2022,Qtr 1,21086,LED-121-DOB-B,Pune
2021-2022,Qtr 2,8680,LED-121-DOB-B,Pune
2021-2022,Qtr 3,29480,LED-121-DOB-B,Pune
2021-2022,Qtr 4,30320,LED-121-DOB-B,Pune
2022-2023,Qtr 1,40460,LED-121-DOB-B,Pune
2022-2023,Qtr 2,11120,LED-121-DOB-B,Pune
2022-2023,Qtr 3,37920,LED-121-DOB-B,Pune
2022-2023,Qtr 4,28970,LED-121-DOB-B,Pune
2023-2024,Qtr 1,20100,LED-121-DOB-B,Pune
2023-2024,Qtr 2,11440,LED-121-DOB-B,Pune
2023-2024,Qtr 3,23160,LED-121-DOB-B,Pune
2023-2024,Qtr 4,15880,LED-121-DOB-B,Pune
2024-2025,Qtr 2,18240,LED-121-DOB-B,Pune
2024-2025,Qtr 3,11280,LED-121-DOB-B,Pune
2024-2025,Qtr 4,19590,LED-121-DOB-B,Pune
2021-2022,Qtr 1,1160,LED-121-DOB-B,Raipur
2021-2022,Qtr 3,680,LED-121-DOB-B,Raipur
2021-2022,Qtr 4,880,LED-121-DOB-B,Raipur
2022-2023,Qtr 1,2280,LED-121-DOB-B,Raipur
2022-2023,Qtr 2,1460,LED-121-DOB-B,Raipur
2022-2023,Qtr 3,880,LED-121-DOB-B,Raipur
2022-2023,Qtr 4,1360,LED-121-DOB-B,Raipur
2023-2024,Qtr 1,1240,LED-121-DOB-B,Raipur
2023-2024,Qtr 2,2240,LED-121-DOB-B,Raipur
2023-2024,Qtr 3,520,LED-121-DOB-B,Raipur
2023-2024,Qtr 4,840,LED-121-DOB-B,Raipur
2024-2025,Qtr 2,1400,LED-121-DOB-B,Raipur
2024-2025,Qtr 3,6880,LED-121-DOB-B,Raipur
2024-2025,Qtr 4,10540,LED-121-DOB-B,Raipur
2021-2022,Qtr 1,20560,LED-121-DOB-B,Valsad
2021-2022,Qtr 2,7976,LED-121-DOB-B,Valsad
2021-2022,Qtr 3,15320,LED-121-DOB-B,Valsad
2021-2022,Qtr 4,8093,LED-121-DOB-B,Valsad
2022-2023,Qtr 1,9649,LED-121-DOB-B,Valsad
2022-2023,Qtr 2,9510,LED-121-DOB-B,Valsad
2022-2023,Qtr 3,6053,LED-121-DOB-B,Valsad
2022-2023,Qtr 4,15237,LED-121-DOB-B,Valsad
2023-2024,Qtr 1,4520,LED-121-DOB-B,Valsad
2023-2024,Qtr 2,4840,LED-121-DOB-B,Valsad
2023-2024,Qtr 3,12360,LED-121-DOB-B,Valsad
2023-2024,Qtr 4,9760,LED-121-DOB-B,Valsad
2024-2025,Qtr 2,3651,LED-121-DOB-B,Valsad
2024-2025,Qtr 3,16606,LED-121-DOB-B,Valsad
2024-2025,Qtr 4,8180,LED-121-DOB-B,Valsad
2021-2022,Qtr 1,37560,LED-121-DOB-B,Zirakppur
2021-2022,Qtr 2,8380,LED-121-DOB-B,Zirakppur
2021-2022,Qtr 3,25920,LED-121-DOB-B,Zirakppur
2021-2022,Qtr 4,30460,LED-121-DOB-B,Zirakppur
2022-2023,Qtr 1,37600,LED-121-DOB-B,Zirakppur
2022-2023,Qtr 2,13060,LED-121-DOB-B,Zirakppur
2022-2023,Qtr 3,19980,LED-121-DOB-B,Zirakppur
2022-2023,Qtr 4,35500,LED-121-DOB-B,Zirakppur
2023-2024,Qtr 1,76830,LED-121-DOB-B,Zirakppur
2023-2024,Qtr 2,19280,LED-121-DOB-B,Zirakppur
2023-2024,Qtr 3,13640,LED-121-DOB-B,Zirakppur
2023-2024,Qtr 4,41660,LED-121-DOB-B,Zirakppur
2024-2025,Qtr 2,17600,LED-121-DOB-B,Zirakppur
2024-2025,Qtr 3,22540,LED-121-DOB-B,Zirakppur
2024-2025,Qtr 4,22780,LED-121-DOB-B,Zirakppur
2021-2022,Qtr 1,2080,LED-071-DOB-HB,Assam
2021-2022,Qtr 2,640,LED-071-DOB-HB,Assam
2021-2022,Qtr 3,4200,LED-071-DOB-HB,Assam
2021-2022,Qtr 4,1960,LED-071-DOB-HB,Assam
2022-2023,Qtr 1,27440,LED-071-DOB-HB,Assam
2022-2023,Qtr 2,1440,LED-071-DOB-HB,Assam
2022-2023,Qtr 3,3920,LED-071-DOB-HB,Assam
2022-2023,Qtr 4,4480,LED-071-DOB-HB,Assam
2023-2024,Qtr 1,10080,LED-071-DOB-HB,Assam
2023-2024,Qtr 2,1920,LED-071-DOB-HB,Assam
2023-2024,Qtr 3,7320,LED-071-DOB-HB,Assam
2023-2024,Qtr 4,7120,LED-071-DOB-HB,Assam
2024-2025,Qtr 2,2880,LED-071-DOB-HB,Assam
2024-2025,Qtr 3,2080,LED-071-DOB-HB,Assam
2024-2025,Qtr 4,3520,LED-071-DOB-HB,Assam
2021-2022,Qtr 1,8010,LED-071-DOB-HB,Bhiwandi
2021-2022,Qtr 2,6340,LED-071-DOB-HB,Bhiwandi
2021-2022,Qtr 3,12140,LED-071-DOB-HB,Bhiwandi
2021-2022,Qtr 4,8920,LED-071-DOB-HB,Bhiwandi
2022-2023,Qtr 1,10920,LED-071-DOB-HB,Bhiwandi
2022-2023,Qtr 2,2560,LED-071-DOB-HB,Bhiwandi
2022-2023,Qtr 3,3680,LED-071-DOB-HB,Bhiwandi
2022-2023,Qtr 4,6220,LED-071-DOB-HB,Bhiwandi
2023-2024,Qtr 1,6320,LED-071-DOB-HB,Bhiwandi
2023-2024,Qtr 2,880,LED-071-DOB-HB,Bhiwandi
2023-2024,Qtr 3,4560,LED-071-DOB-HB,Bhiwandi
2023-2024,Qtr 4,6720,LED-071-DOB-HB,Bhiwandi
2024-2025,Qtr 2,1760,LED-071-DOB-HB,Bhiwandi
2024-2025,Qtr 3,2360,LED-071-DOB-HB,Bhiwandi
2024-2025,Qtr 4,4320,LED-071-DOB-HB,Bhiwandi
2021-2022,Qtr 1,15160,LED-071-DOB-HB,Ghaziabad
2021-2022,Qtr 2,3620,LED-071-DOB-HB,Ghaziabad
2021-2022,Qtr 3,20920,LED-071-DOB-HB,Ghaziabad
2021-2022,Qtr 4,16560,LED-071-DOB-HB,Ghaziabad
2022-2023,Qtr 1,23840,LED-071-DOB-HB,Ghaziabad
2022-2023,Qtr 2,6040,LED-071-DOB-HB,Ghaziabad
2022-2023,Qtr 3,12260,LED-071-DOB-HB,Ghaziabad
2022-2023,Qtr 4,3640,LED-071-DOB-HB,Ghaziabad
2023-2024,Qtr 1,1240,LED-071-DOB-HB,Ghaziabad
2023-2024,Qtr 2,4360,LED-071-DOB-HB,Ghaziabad
2023-2024,Qtr 3,5200,LED-071-DOB-HB,Ghaziabad
2023-2024,Qtr 4,3080,LED-071-DOB-HB,Ghaziabad
2024-2025,Qtr 2,1080,LED-071-DOB-HB,Ghaziabad
2024-2025,Qtr 3,880,LED-071-DOB-HB,Ghaziabad
2024-2025,Qtr 4,1400,LED-071-DOB-HB,Ghaziabad
2021-2022,Qtr 1,11280,LED-071-DOB-HB,Haridwar
2021-2022,Qtr 2,2400,LED-071-DOB-HB,Haridwar
2021-2022,Qtr 3,12840,LED-071-DOB-HB,Haridwar
2021-2022,Qtr 4,8160,LED-071-DOB-HB,Haridwar
2022-2023,Qtr 1,27560,LED-071-DOB-HB,Haridwar
2022-2023,Qtr 2,10440,LED-071-DOB-HB,Haridwar
2022-2023,Qtr 3,8160,LED-071-DOB-HB,Haridwar
2022-2023,Qtr 4,6040,LED-071-DOB-HB,Haridwar
2023-2024,Qtr 2,2120,LED-071-DOB-HB,Haridwar
2023-2024,Qtr 3,2880,LED-071-DOB-HB,Haridwar
2023-2024,Qtr 4,6520,LED-071-DOB-HB,Haridwar
2024-2025,Qtr 2,10020,LED-071-DOB-HB,Haridwar
2024-2025,Qtr 3,2140,LED-071-DOB-HB,Haridwar
2024-2025,Qtr 4,2920,LED-071-DOB-HB,Haridwar
2021-2022,Qtr 1,57800,LED-071-DOB-HB,Jaipur
2021-2022,Qtr 2,680,LED-071-DOB-HB,Jaipur
2021-2022,Qtr 3,17250,LED-071-DOB-HB,Jaipur
2021-2022,Qtr 4,11000,LED-071-DOB-HB,Jaipur
2022-2023,Qtr 1,39760,LED-071-DOB-HB,Jaipur
2022-2023,Qtr 2,9720,LED-071-DOB-HB,Jaipur
2022-2023,Qtr 3,36530,LED-071-DOB-HB,Jaipur
2022-2023,Qtr 4,14440,LED-071-DOB-HB,Jaipur
2023-2024,Qtr 1,3980,LED-071-DOB-HB,Jaipur
2023-2024,Qtr 2,2680,LED-071-DOB-HB,Jaipur
2023-2024,Qtr 3,9160,LED-071-DOB-HB,Jaipur
2023-2024,Qtr 4,6840,LED-071-DOB-HB,Jaipur
2024-2025,Qtr 2,540,LED-071-DOB-HB,Jaipur
2024-2025,Qtr 3,3360,LED-071-DOB-HB,Jaipur
2024-2025,Qtr 4,4320,LED-071-DOB-HB,Jaipur
2021-2022,Qtr 1,74840,LED-071-DOB-HB,Lucknow
2021-2022,Qtr 2,31280,LED-071-DOB-HB,Lucknow
2021-2022,Qtr 3,61720,LED-071-DOB-HB,Lucknow
2021-2022,Qtr 4,64520,LED-071-DOB-HB,Lucknow
2022-2023,Qtr 1,169940,LED-071-DOB-HB,Lucknow
2022-2023,Qtr 2,55600,LED-071-DOB-HB,Lucknow
2022-2023,Qtr 3,55920,LED-071-DOB-HB,Lucknow
2022-2023,Qtr 4,85360,LED-071-DOB-HB,Lucknow
2023-2024,Qtr 1,57520,LED-071-DOB-HB,Lucknow
2023-2024,Qtr 2,26040,LED-071-DOB-HB,Lucknow
2023-2024,Qtr 3,42260,LED-071-DOB-HB,Lucknow
2023-2024,Qtr 4,76240,LED-071-DOB-HB,Lucknow
2024-2025,Qtr 2,20340,LED-071-DOB-HB,Lucknow
2024-2025,Qtr 3,27120,LED-071-DOB-HB,Lucknow
2024-2025,Qtr 4,39960,LED-071-DOB-HB,Lucknow
2021-2022,Qtr 1,16560,LED-071-DOB-HB,Pune
2021-2022,Qtr 2,12250,LED-071-DOB-HB,Pune
2021-2022,Qtr 3,32680,LED-071-DOB-HB,Pune
2021-2022,Qtr 4,23120,LED-071-DOB-HB,Pune
2022-2023,Qtr 1,47920,LED-071-DOB-HB,Pune
2022-2023,Qtr 2,10040,LED-071-DOB-HB,Pune
2022-2023,Qtr 3,30640,LED-071-DOB-HB,Pune
2022-2023,Qtr 4,18960,LED-071-DOB-HB,Pune
2023-2024,Qtr 1,15120,LED-071-DOB-HB,Pune
2023-2024,Qtr 2,8920,LED-071-DOB-HB,Pune
2023-2024,Qtr 3,18240,LED-071-DOB-HB,Pune
2023-2024,Qtr 4,14480,LED-071-DOB-HB,Pune
2024-2025,Qtr 2,6800,LED-071-DOB-HB,Pune
2024-2025,Qtr 3,6400,LED-071-DOB-HB,Pune
2024-2025,Qtr 4,7560,LED-071-DOB-HB,Pune
2021-2022,Qtr 1,31951,LED-0501-FLRDL,Ghaziabad
2021-2022,Qtr 2,15630,LED-0501-FLRDL,Ghaziabad
2021-2022,Qtr 3,35060,LED-0501-FLRDL,Ghaziabad
2021-2022,Qtr 4,41410,LED-0501-FLRDL,Ghaziabad
2022-2023,Qtr 1,37710,LED-0501-FLRDL,Ghaziabad
2022-2023,Qtr 2,38920,LED-0501-FLRDL,Ghaziabad
2022-2023,Qtr 3,22580,LED-0501-FLRDL,Ghaziabad
2022-2023,Qtr 4,28860,LED-0501-FLRDL,Ghaziabad
2023-2024,Qtr 1,64720,LED-0501-FLRDL,Ghaziabad
2023-2024,Qtr 2,27560,LED-0501-FLRDL,Ghaziabad
2023-2024,Qtr 3,29560,LED-0501-FLRDL,Ghaziabad
2023-2024,Qtr 4,36910,LED-0501-FLRDL,Ghaziabad
2024-2025,Qtr 2,14965,LED-0501-FLRDL,Ghaziabad
2024-2025,Qtr 3,17800,LED-0501-FLRDL,Ghaziabad
2024-2025,Qtr 4,15810,LED-0501-FLRDL,Ghaziabad
2021-2022,Qtr 1,15120,LED-0501-FLRDL,Haridwar
2021-2022,Qtr 2,18590,LED-0501-FLRDL,Haridwar
2021-2022,Qtr 3,30330,LED-0501-FLRDL,Haridwar
2021-2022,Qtr 4,22320,LED-0501-FLRDL,Haridwar
2022-2023,Qtr 1,15210,LED-0501-FLRDL,Haridwar
2022-2023,Qtr 2,17968,LED-0501-FLRDL,Haridwar
2022-2023,Qtr 3,23440,LED-0501-FLRDL,Haridwar
2022-2023,Qtr 4,26090,LED-0501-FLRDL,Haridwar
2023-2024,Qtr 1,13340,LED-0501-FLRDL,Haridwar
2023-2024,Qtr 2,16130,LED-0501-FLRDL,Haridwar
2023-2024,Qtr 3,10860,LED-0501-FLRDL,Haridwar
2023-2024,Qtr 4,15910,LED-0501-FLRDL,Haridwar
2024-2025,Qtr 2,12940,LED-0501-FLRDL,Haridwar
2024-2025,Qtr 3,10180,LED-0501-FLRDL,Haridwar
2024-2025,Qtr 4,8070,LED-0501-FLRDL,Haridwar
2021-2022,Qtr 1,6850,LED-0501-FLRDL,Jaipur
2021-2022,Qtr 2,2130,LED-0501-FLRDL,Jaipur
2021-2022,Qtr 3,9020,LED-0501-FLRDL,Jaipur
2021-2022,Qtr 4,6470,LED-0501-FLRDL,Jaipur
2022-2023,Qtr 1,16460,LED-0501-FLRDL,Jaipur
2022-2023,Qtr 2,11670,LED-0501-FLRDL,Jaipur
2022-2023,Qtr 3,8940,LED-0501-FLRDL,Jaipur
2022-2023,Qtr 4,13210,LED-0501-FLRDL,Jaipur
2023-2024,Qtr 1,17180,LED-0501-FLRDL,Jaipur
2023-2024,Qtr 2,5920,LED-0501-FLRDL,Jaipur
2023-2024,Qtr 3,8510,LED-0501-FLRDL,Jaipur
2023-2024,Qtr 4,15810,LED-0501-FLRDL,Jaipur
2024-2025,Qtr 2,11770,LED-0501-FLRDL,Jaipur
2024-2025,Qtr 3,11360,LED-0501-FLRDL,Jaipur
2024-2025,Qtr 4,12000,LED-0501-FLRDL,Jaipur
2021-2022,Qtr 1,31460,LED-0501-FLRDL,Lucknow
2021-2022,Qtr 2,21630,LED-0501-FLRDL,Lucknow
2021-2022,Qtr 3,35760,LED-0501-FLRDL,Lucknow
2021-2022,Qtr 4,40690,LED-0501-FLRDL,Lucknow
2022-2023,Qtr 1,45920,LED-0501-FLRDL,Lucknow
2022-2023,Qtr 2,33220,LED-0501-FLRDL,Lucknow
2022-2023,Qtr 3,43030,LED-0501-FLRDL,Lucknow
2022-2023,Qtr 4,20040,LED-0501-FLRDL,Lucknow
2023-2024,Qtr 1,16040,LED-0501-FLRDL,Lucknow
2023-2024,Qtr 2,16320,LED-0501-FLRDL,Lucknow
2023-2024,Qtr 3,30010,LED-0501-FLRDL,Lucknow
2023-2024,Qtr 4,36600,LED-0501-FLRDL,Lucknow
2024-2025,Qtr 2,25630,LED-0501-FLRDL,Lucknow
2024-2025,Qtr 3,34390,LED-0501-FLRDL,Lucknow
2024-2025,Qtr 4,40750,LED-0501-FLRDL,Lucknow
2021-2022,Qtr 1,35690,LED-0501-FLRDL,Patna
2021-2022,Qtr 2,53160,LED-0501-FLRDL,Patna
2021-2022,Qtr 3,70385,LED-0501-FLRDL,Patna
2021-2022,Qtr 4,52590,LED-0501-FLRDL,Patna
2022-2023,Qtr 1,60770,LED-0501-FLRDL,Patna
2022-2023,Qtr 2,32630,LED-0501-FLRDL,Patna
2022-2023,Qtr 3,43530,LED-0501-FLRDL,Patna
2022-2023,Qtr 4,43560,LED-0501-FLRDL,Patna
2023-2024,Qtr 1,47600,LED-0501-FLRDL,Patna
2023-2024,Qtr 2,37700,LED-0501-FLRDL,Patna
2023-2024,Qtr 3,36851,LED-0501-FLRDL,Patna
2023-2024,Qtr 4,38080,LED-0501-FLRDL,Patna
2024-2025,Qtr 2,13260,LED-0501-FLRDL,Patna
2024-2025,Qtr 3,15560,LED-0501-FLRDL,Patna
2024-2025,Qtr 4,19480,LED-0501-FLRDL,Patna
2021-2022,Qtr 1,98380,LED-0501-FLRDL,Zirakppur
2021-2022,Qtr 2,62883,LED-0501-FLRDL,Zirakppur
2021-2022,Qtr 3,150220,LED-0501-FLRDL,Zirakppur
2021-2022,Qtr 4,92090,LED-0501-FLRDL,Zirakppur
2022-2023,Qtr 1,92835,LED-0501-FLRDL,Zirakppur
2022-2023,Qtr 2,45020,LED-0501-FLRDL,Zirakppur
2022-2023,Qtr 3,73780,LED-0501-FLRDL,Zirakppur
2022-2023,Qtr 4,111100,LED-0501-FLRDL,Zirakppur
2023-2024,Qtr 1,94145,LED-0501-FLRDL,Zirakppur
2023-2024,Qtr 2,32930,LED-0501-FLRDL,Zirakppur
2023-2024,Qtr 3,88870,LED-0501-FLRDL,Zirakppur
2023-2024,Qtr 4,134050,LED-0501-FLRDL,Zirakppur
2024-2025,Qtr 2,47794,LED-0501-FLRDL,Zirakppur
2024-2025,Qtr 3,103372,LED-0501-FLRDL,Zirakppur
2024-2025,Qtr 4,95833,LED-0501-FLRDL,Zirakppur
2021-2022,Qtr 1,1000,LED-051-DOB-HB,Assam
2021-2022,Qtr 2,560,LED-051-DOB-HB,Assam
2021-2022,Qtr 3,1400,LED-051-DOB-HB,Assam
2021-2022,Qtr 4,760,LED-051-DOB-HB,Assam
2022-2023,Qtr 1,15600,LED-051-DOB-HB,Assam
2022-2023,Qtr 2,520,LED-051-DOB-HB,Assam
2022-2023,Qtr 3,1720,LED-051-DOB-HB,Assam
2022-2023,Qtr 4,2800,LED-051-DOB-HB,Assam
2023-2024,Qtr 1,4040,LED-051-DOB-HB,Assam
2023-2024,Qtr 2,1440,LED-051-DOB-HB,Assam
2023-2024,Qtr 3,4520,LED-051-DOB-HB,Assam
2023-2024,Qtr 4,3800,LED-051-DOB-HB,Assam
2024-2025,Qtr 2,760,LED-051-DOB-HB,Assam
2024-2025,Qtr 3,1360,LED-051-DOB-HB,Assam
2024-2025,Qtr 4,1820,LED-051-DOB-HB,Assam
2021-2022,Qtr 1,7240,LED-141-DOB-HB,Bangalore
2021-2022,Qtr 2,2480,LED-141-DOB-HB,Bangalore
2021-2022,Qtr 3,10640,LED-141-DOB-HB,Bangalore
2021-2022,Qtr 4,8980,LED-141-DOB-HB,Bangalore
2022-2023,Qtr 1,8780,LED-141-DOB-HB,Bangalore
2022-2023,Qtr 2,5240,LED-141-DOB-HB,Bangalore
2022-2023,Qtr 3,8120,LED-141-DOB-HB,Bangalore
2022-2023,Qtr 4,6930,LED-141-DOB-HB,Bangalore
2023-2024,Qtr 1,10480,LED-141-DOB-HB,Bangalore
2023-2024,Qtr 2,5320,LED-141-DOB-HB,Bangalore
2023-2024,Qtr 3,14120,LED-141-DOB-HB,Bangalore
2023-2024,Qtr 4,6840,LED-141-DOB-HB,Bangalore
2024-2025,Qtr 2,6700,LED-141-DOB-HB,Bangalore
2024-2025,Qtr 3,11240,LED-141-DOB-HB,Bangalore
2024-2025,Qtr 4,14109,LED-141-DOB-HB,Bangalore
2021-2022,Qtr 1,7440,LED-051-DOB-HB,Bhiwandi
2021-2022,Qtr 2,5640,LED-051-DOB-HB,Bhiwandi
2021-2022,Qtr 3,9760,LED-051-DOB-HB,Bhiwandi
2021-2022,Qtr 4,10560,LED-051-DOB-HB,Bhiwandi
2022-2023,Qtr 1,12360,LED-051-DOB-HB,Bhiwandi
2022-2023,Qtr 2,1840,LED-051-DOB-HB,Bhiwandi
2022-2023,Qtr 3,5240,LED-051-DOB-HB,Bhiwandi
2022-2023,Qtr 4,6850,LED-051-DOB-HB,Bhiwandi
2023-2024,Qtr 1,5120,LED-051-DOB-HB,Bhiwandi
2023-2024,Qtr 2,700,LED-051-DOB-HB,Bhiwandi
2023-2024,Qtr 3,3090,LED-051-DOB-HB,Bhiwandi
2023-2024,Qtr 4,7200,LED-051-DOB-HB,Bhiwandi
2024-2025,Qtr 2,1640,LED-051-DOB-HB,Bhiwandi
2024-2025,Qtr 3,2280,LED-051-DOB-HB,Bhiwandi
2024-2025,Qtr 4,3240,LED-051-DOB-HB,Bhiwandi
2021-2022,Qtr 1,10760,LED-T5E-31110,Bhiwandi
2021-2022,Qtr 2,4100,LED-T5E-31110,Bhiwandi
2021-2022,Qtr 3,11310,LED-T5E-31110,Bhiwandi
2021-2022,Qtr 4,15640,LED-T5E-31110,Bhiwandi
2022-2023,Qtr 1,3780,LED-T5E-31110,Bhiwandi
2022-2023,Qtr 2,3600,LED-T5E-31110,Bhiwandi
2022-2023,Qtr 3,6460,LED-T5E-31110,Bhiwandi
2022-2023,Qtr 4,2140,LED-T5E-31110,Bhiwandi
2023-2024,Qtr 1,800,LED-T5E-31110,Bhiwandi
2023-2024,Qtr 2,1940,LED-T5E-31110,Bhiwandi
2023-2024,Qtr 3,1700,LED-T5E-31110,Bhiwandi
2023-2024,Qtr 4,1100,LED-T5E-31110,Bhiwandi
2024-2025,Qtr 3,120,LED-T5E-31110,Bhiwandi
2021-2022,Qtr 1,1776,LED-000502-WHB,Chennai
2021-2022,Qtr 2,1152,LED-000502-WHB,Chennai
2021-2022,Qtr 3,2688,LED-000502-WHB,Chennai
2021-2022,Qtr 4,1776,LED-000502-WHB,Chennai
2022-2023,Qtr 1,5040,LED-000502-WHB,Chennai
2022-2023,Qtr 2,960,LED-000502-WHB,Chennai
2022-2023,Qtr 3,1152,LED-000502-WHB,Chennai
2022-2023,Qtr 4,2448,LED-000502-WHB,Chennai
2023-2024,Qtr 1,2400,LED-000502-WHB,Chennai
2023-2024,Qtr 2,3600,LED-000502-WHB,Chennai
2023-2024,Qtr 3,3216,LED-000502-WHB,Chennai
2023-2024,Qtr 4,5520,LED-000502-WHB,Chennai
2024-2025,Qtr 2,1920,LED-000502-WHB,Chennai
2024-2025,Qtr 3,4416,LED-000502-WHB,Chennai
2024-2025,Qtr 4,4080,LED-000502-WHB,Chennai
2021-2022,Qtr 1,4690,LED-0502-FLRDL,Ghaziabad
2021-2022,Qtr 2,1630,LED-0502-FLRDL,Ghaziabad
2021-2022,Qtr 3,3210,LED-0502-FLRDL,Ghaziabad
2021-2022,Qtr 4,3890,LED-0502-FLRDL,Ghaziabad
2022-2023,Qtr 1,3690,LED-0502-FLRDL,Ghaziabad
2022-2023,Qtr 2,4360,LED-0502-FLRDL,Ghaziabad
2022-2023,Qtr 3,3820,LED-0502-FLRDL,Ghaziabad
2022-2023,Qtr 4,3840,LED-0502-FLRDL,Ghaziabad
2023-2024,Qtr 1,8645,LED-0502-FLRDL,Ghaziabad
2023-2024,Qtr 2,4740,LED-0502-FLRDL,Ghaziabad
2023-2024,Qtr 3,1760,LED-0502-FLRDL,Ghaziabad
2023-2024,Qtr 4,3900,LED-0502-FLRDL,Ghaziabad
2024-2025,Qtr 2,3790,LED-0502-FLRDL,Ghaziabad
2024-2025,Qtr 3,4400,LED-0502-FLRDL,Ghaziabad
2024-2025,Qtr 4,4820,LED-0502-FLRDL,Ghaziabad
2021-2022,Qtr 1,2496,LED-000502-WHB,HYD
2021-2022,Qtr 2,5280,LED-000502-WHB,HYD
2021-2022,Qtr 3,4848,LED-000502-WHB,HYD
2021-2022,Qtr 4,4896,LED-000502-WHB,HYD
2022-2023,Qtr 1,7296,LED-000502-WHB,HYD
2022-2023,Qtr 2,4800,LED-000502-WHB,HYD
2022-2023,Qtr 3,4944,LED-000502-WHB,HYD
2022-2023,Qtr 4,1632,LED-000502-WHB,HYD
2023-2024,Qtr 1,192,LED-000502-WHB,HYD
2023-2024,Qtr 2,144,LED-000502-WHB,HYD
2023-2024,Qtr 3,5808,LED-000502-WHB,HYD
2023-2024,Qtr 4,7440,LED-000502-WHB,HYD
2024-2025,Qtr 2,3792,LED-000502-WHB,HYD
2024-2025,Qtr 3,1680,LED-000502-WHB,HYD
2024-2025,Qtr 4,1584,LED-000502-WHB,HYD
2021-2022,Qtr 1,260,LED-JB031-TINTDL,Indore
2021-2022,Qtr 2,520,LED-JB031-TINTDL,Indore
2021-2022,Qtr 3,2140,LED-JB031-TINTDL,Indore
2021-2022,Qtr 4,140,LED-JB031-TINTDL,Indore
2022-2023,Qtr 1,1120,LED-JB031-TINTDL,Indore
2022-2023,Qtr 2,2800,LED-JB031-TINTDL,Indore
2022-2023,Qtr 3,2920,LED-JB031-TINTDL,Indore
2022-2023,Qtr 4,1000,LED-JB031-TINTDL,Indore
2023-2024,Qtr 1,1570,LED-JB031-TINTDL,Indore
2023-2024,Qtr 2,340,LED-JB031-TINTDL,Indore
2023-2024,Qtr 3,920,LED-JB031-TINTDL,Indore
2023-2024,Qtr 4,800,LED-JB031-TINTDL,Indore
2024-2025,Qtr 2,800,LED-JB031-TINTDL,Indore
2024-2025,Qtr 3,900,LED-JB031-TINTDL,Indore
2024-2025,Qtr 4,300,LED-JB031-TINTDL,Indore
2021-2022,Qtr 1,40,LED-181-DOB-HB,Kerala
2021-2022,Qtr 2,100,LED-181-DOB-HB,Kerala
2021-2022,Qtr 3,60,LED-181-DOB-HB,Kerala
2021-2022,Qtr 4,100,LED-181-DOB-HB,Kerala
2022-2023,Qtr 1,640,LED-181-DOB-HB,Kerala
2022-2023,Qtr 2,320,LED-181-DOB-HB,Kerala
2022-2023,Qtr 3,380,LED-181-DOB-HB,Kerala
2022-2023,Qtr 4,1360,LED-181-DOB-HB,Kerala
2023-2024,Qtr 1,60,LED-181-DOB-HB,Kerala
2023-2024,Qtr 2,380,LED-181-DOB-HB,Kerala
2023-2024,Qtr 3,980,LED-181-DOB-HB,Kerala
2023-2024,Qtr 4,800,LED-181-DOB-HB,Kerala
2024-2025,Qtr 4,280,LED-181-DOB-HB,Kerala
2021-2022,Qtr 1,9120,LED-051-DOB-HB,Kolkata
2021-2022,Qtr 2,3080,LED-051-DOB-HB,Kolkata
2021-2022,Qtr 3,9360,LED-051-DOB-HB,Kolkata
2021-2022,Qtr 4,15280,LED-051-DOB-HB,Kolkata
2022-2023,Qtr 1,12840,LED-051-DOB-HB,Kolkata
2022-2023,Qtr 2,5610,LED-051-DOB-HB,Kolkata
2022-2023,Qtr 3,11307,LED-051-DOB-HB,Kolkata
2022-2023,Qtr 4,7000,LED-051-DOB-HB,Kolkata
2023-2024,Qtr 1,6000,LED-051-DOB-HB,Kolkata
2023-2024,Qtr 2,2960,LED-051-DOB-HB,Kolkata
2023-2024,Qtr 3,5110,LED-051-DOB-HB,Kolkata
2023-2024,Qtr 4,3000,LED-051-DOB-HB,Kolkata
2024-2025,Qtr 2,2240,LED-051-DOB-HB,Kolkata
2024-2025,Qtr 3,1080,LED-051-DOB-HB,Kolkata
2024-2025,Qtr 4,2480,LED-051-DOB-HB,Kolkata
2021-2022,Qtr 1,600,LED-141-DOB-HB,Raipur
2021-2022,Qtr 3,960,LED-141-DOB-HB,Raipur
2021-2022,Qtr 4,320,LED-141-DOB-HB,Raipur
2022-2023,Qtr 1,1720,LED-141-DOB-HB,Raipur
2022-2023,Qtr 2,800,LED-141-DOB-HB,Raipur
2022-2023,Qtr 3,640,LED-141-DOB-HB,Raipur
2022-2023,Qtr 4,280,LED-141-DOB-HB,Raipur
2023-2024,Qtr 1,1180,LED-141-DOB-HB,Raipur
2023-2024,Qtr 3,760,LED-141-DOB-HB,Raipur
2023-2024,Qtr 4,680,LED-141-DOB-HB,Raipur
2024-2025,Qtr 2,520,LED-141-DOB-HB,Raipur
2024-2025,Qtr 3,400,LED-141-DOB-HB,Raipur
2024-2025,Qtr 4,1600,LED-141-DOB-HB,Raipur
2021-2022,Qtr 1,6000,LED-141-DOB-HB,Valsad
2021-2022,Qtr 2,3210,LED-141-DOB-HB,Valsad
2021-2022,Qtr 3,9362,LED-141-DOB-HB,Valsad
2021-2022,Qtr 4,3760,LED-141-DOB-HB,Valsad
2022-2023,Qtr 1,5118,LED-141-DOB-HB,Valsad
2022-2023,Qtr 2,2480,LED-141-DOB-HB,Valsad
2022-2023,Qtr 3,4400,LED-141-DOB-HB,Valsad
2022-2023,Qtr 4,6760,LED-141-DOB-HB,Valsad
2023-2024,Qtr 1,4885,LED-141-DOB-HB,Valsad
2023-2024,Qtr 2,2200,LED-141-DOB-HB,Valsad
2023-2024,Qtr 3,3457,LED-141-DOB-HB,Valsad
2023-2024,Qtr 4,5037,LED-141-DOB-HB,Valsad
2024-2025,Qtr 2,1480,LED-141-DOB-HB,Valsad
2024-2025,Qtr 3,11701,LED-141-DOB-HB,Valsad
2024-2025,Qtr 4,3900,LED-141-DOB-HB,Valsad
